cell_id,x,y,area,green_mean,green_max,red_positive,blue_positive,classification,red_mean,blue_mean,red_max,blue_max,red_positive_fraction,blue_positive_fraction
1,763.7415730337078,212.95505617977528,89,73.02246856689453,131.0,False,True,blue_positive,0.0,24.719,0.0,203.0,0.0,0.0899
2,748.0555555555555,222.63492063492063,126,91.9206314086914,156.0,True,True,double_positive,122.643,43.619,195.0,221.0,0.8889,0.1746
3,890.0,228.75555555555556,45,56.977779388427734,83.0,False,False,green_only,0.0,3.978,0.0,165.0,0.0,0.0222
4,903.4146341463414,232.7378048780488,164,76.06097412109375,139.0,False,True,blue_positive,0.0,17.25,0.0,222.0,0.0,0.0671
5,869.1219512195122,234.14634146341464,41,63.219512939453125,77.0,False,False,green_only,0.146,0.0,2.0,0.0,0.0,0.0
6,925.8815789473684,229.890350877193,228,68.47368621826172,83.0,False,False,green_only,0.035,0.0,2.0,0.0,0.0,0.0
7,959.5692307692308,231.55384615384617,130,64.43077087402344,81.0,False,False,green_only,0.2,0.0,1.0,0.0,0.0,0.0
8,742.5642857142857,236.78214285714284,280,108.91071319580078,194.0,True,True,double_positive,118.193,87.536,191.0,211.0,0.8036,0.4036
9,720.0079744816587,238.9712918660287,627,111.62679290771484,207.0,True,True,double_positive,124.003,92.295,212.0,212.0,0.7911,0.4386
10,763.6780303030303,239.15530303030303,264,102.19318389892578,159.0,False,True,blue_positive,0.0,68.42,0.0,217.0,0.0,0.322
11,1015.4181818181818,243.5151515151515,165,58.490909576416016,98.0,True,True,double_positive,117.315,5.097,199.0,210.0,0.9636,0.0121
12,787.7008343265793,246.27175208581644,839,94.58641052246094,146.0,False,True,blue_positive,0.021,33.808,2.0,226.0,0.0,0.1013
13,815.905472636816,247.1414356787491,1407,81.36815643310547,100.0,False,False,green_only,0.215,1.837,4.0,101.0,0.0,0.0
14,903.7861271676301,247.58381502890174,173,84.35838317871094,115.0,False,True,blue_positive,0.081,30.624,2.0,230.0,0.0,0.1098
15,998.5686274509804,249.07843137254903,51,61.960784912109375,66.0,False,False,green_only,0.0,0.0,0.0,0.0,0.0,0.0
16,698.6385542168674,256.49397590361446,166,79.9277114868164,92.0,False,False,green_only,0.0,0.151,0.0,25.0,0.0,0.0
17,930.3879472693033,252.78154425612053,531,89.90960693359375,109.0,False,True,blue_positive,0.047,12.081,2.0,192.0,0.0,0.0151
18,654.828125,257.65625,64,60.46875,97.0,False,True,blue_positive,0.219,7.609,2.0,185.0,0.0,0.0312
19,978.7295918367347,256.2040816326531,196,73.54081726074219,85.0,False,False,green_only,0.0,0.0,0.0,0.0,0.0,0.0
20,950.3476331360947,256.40976331360946,676,88.38166046142578,110.0,False,True,blue_positive,0.689,13.006,18.0,226.0,0.0,0.0266
21,711.36,261.34,50,82.73999786376953,92.0,False,False,green_only,0.0,0.02,0.0,1.0,0.0,0.0
22,846.3727272727273,264.58181818181816,110,95.83636474609375,125.0,False,True,blue_positive,0.009,68.555,1.0,242.0,0.0,0.2909
23,857.6442307692307,266.88461538461536,104,90.00961303710938,108.0,False,True,blue_positive,0.01,26.077,1.0,204.0,0.0,0.0769
24,904.0223880597015,267.8805970149254,134,83.4552230834961,114.0,False,True,blue_positive,0.694,14.291,3.0,197.0,0.0,0.0373
25,881.49,267.84,100,81.05999755859375,97.0,False,False,green_only,0.41,5.79,2.0,113.0,0.0,0.0
26,867.4795918367347,269.4591836734694,98,85.36734771728516,117.0,False,True,blue_positive,0.0,32.571,0.0,222.0,0.0,0.1429
27,623.082191780822,272.73972602739724,73,54.58904266357422,68.0,False,False,green_only,0.548,0.014,2.0,1.0,0.0,0.0
28,1044.2641509433963,274.27358490566036,106,73.34906005859375,106.0,False,True,blue_positive,9.557,15.377,40.0,205.0,0.0,0.0377
29,972.4565217391304,273.0869565217391,46,81.56521606445312,87.0,False,False,green_only,0.0,0.043,0.0,1.0,0.0,0.0
30,1025.2238805970148,275.2835820895522,67,71.64179229736328,79.0,False,False,green_only,0.0,0.0,0.0,0.0,0.0,0.0
31,1035.4516129032259,276.3709677419355,62,70.66129302978516,79.0,False,False,green_only,0.016,0.0,1.0,0.0,0.0,0.0
32,635.1851851851852,277.28395061728395,81,66.5308609008789,102.0,False,True,blue_positive,0.198,4.79,3.0,186.0,0.0,0.0123
33,765.8076923076923,279.53846153846155,78,94.33333587646484,153.0,False,True,blue_positive,14.487,66.064,61.0,246.0,0.0256,0.2564
34,670.6938775510204,283.2959183673469,98,78.91836547851562,85.0,False,False,green_only,0.0,0.0,0.0,0.0,0.0,0.0
35,979.7802197802198,286.2857142857143,91,85.02198028564453,118.0,False,True,blue_positive,0.0,26.22,0.0,222.0,0.0,0.0879
36,1047.5483870967741,286.11290322580646,62,82.20967864990234,127.0,False,True,blue_positive,9.097,40.339,44.0,234.0,0.0,0.1774
37,659.0604838709677,288.7096774193548,248,81.0241928100586,91.0,False,False,green_only,0.137,0.149,3.0,5.0,0.0,0.0
38,679.7913043478261,288.55652173913046,115,78.83478546142578,85.0,False,False,green_only,0.0,0.0,0.0,0.0,0.0,0.0
39,850.6305418719212,291.3152709359606,203,99.27093505859375,192.0,True,True,double_positive,35.433,59.271,112.0,232.0,0.2956,0.2414
40,688.825,291.85,80,76.73750305175781,86.0,False,False,green_only,1.45,0.0,4.0,0.0,0.0,0.0
41,883.439024390244,291.5365853658537,41,81.19512176513672,112.0,False,True,blue_positive,10.122,19.39,40.0,205.0,0.0,0.0488
42,834.9178947368421,292.25684210526316,475,96.20210266113281,192.0,True,True,double_positive,48.558,46.358,255.0,232.0,0.3789,0.1747
43,862.2213740458016,295.3587786259542,131,87.6030502319336,156.0,True,True,double_positive,58.374,40.29,145.0,234.0,0.5344,0.1756
44,962.7625,296.6375,80,85.2750015258789,123.0,False,True,blue_positive,16.275,21.062,32.0,204.0,0.0,0.075
45,621.1384615384616,299.9384615384615,65,73.78461456298828,80.0,False,False,green_only,0.246,0.0,2.0,0.0,0.0,0.0
46,997.7627737226277,299.54379562043795,274,84.33576965332031,139.0,False,True,blue_positive,0.058,17.124,2.0,215.0,0.0,0.062
47,645.1973684210526,301.35526315789474,228,81.28508758544922,89.0,False,False,green_only,0.07,0.232,2.0,6.0,0.0,0.0
48,756.2531120331951,302.1908713692946,241,73.97925567626953,108.0,True,True,double_positive,54.714,7.423,109.0,209.0,0.4108,0.0207
49,1045.815340909091,300.20454545454544,352,84.31533813476562,153.0,True,True,double_positive,30.102,32.974,116.0,236.0,0.0994,0.1222
50,907.9247311827957,304.23655913978496,93,74.50537872314453,98.0,False,True,blue_positive,0.591,7.344,9.0,204.0,0.0,0.0108
51,965.2222222222222,305.22222222222223,72,86.44444274902344,140.0,False,True,blue_positive,18.306,19.486,27.0,238.0,0.0,0.0694
52,1103.6458333333333,310.0416666666667,48,60.5,68.0,False,False,green_only,0.083,0.0,2.0,0.0,0.0,0.0
53,802.6511627906976,312.3953488372093,43,73.51162719726562,92.0,False,True,blue_positive,0.07,11.256,3.0,194.0,0.0,0.0465
54,964.3882352941176,313.74117647058824,85,90.37647247314453,158.0,False,True,blue_positive,15.565,37.765,32.0,249.0,0.0,0.1412
55,741.22,313.32,50,70.76000213623047,107.0,False,True,blue_positive,11.7,8.46,41.0,198.0,0.0,0.04
56,574.6927710843373,318.21084337349396,166,62.54216766357422,70.0,False,False,green_only,1.084,0.0,8.0,0.0,0.0,0.0
57,647.8550724637681,318.3768115942029,69,79.81159210205078,85.0,False,False,green_only,0.0,0.0,0.0,0.0,0.0,0.0
58,608.8798882681564,325.122905027933,358,86.99441528320312,103.0,False,False,green_only,0.092,9.891,3.0,165.0,0.0,0.0056
59,901.2988505747127,322.7701149425287,87,76.33333587646484,108.0,False,True,blue_positive,18.425,13.908,42.0,209.0,0.0,0.046
60,623.9112903225806,324.5967741935484,124,86.07257843017578,104.0,False,True,blue_positive,2.024,6.597,15.0,214.0,0.0,0.0161
61,941.1510333863275,324.0635930047695,629,87.24006652832031,155.0,False,True,blue_positive,27.576,20.262,64.0,235.0,0.0286,0.0588
62,1130.3214285714287,328.57142857142856,56,60.53571319580078,66.0,False,False,green_only,0.0,0.0,0.0,0.0,0.0,0.0
63,633.5408163265306,330.90816326530614,196,92.38265228271484,108.0,False,True,blue_positive,1.107,34.224,12.0,210.0,0.0,0.0918
64,836.112,330.032,125,90.12000274658203,135.0,True,True,double_positive,49.568,48.216,127.0,227.0,0.448,0.192
65,854.1184210526316,337.13157894736844,304,99.81907653808594,209.0,True,True,double_positive,81.839,64.523,184.0,238.0,0.6513,0.273
66,838.5795454545455,339.67045454545456,88,83.42045593261719,111.0,True,True,double_positive,57.477,10.102,123.0,189.0,0.4545,0.0455
67,1119.5102040816328,339.46938775510205,49,72.10204315185547,77.0,False,False,green_only,0.429,0.0,2.0,0.0,0.0,0.0
68,1029.109649122807,338.640350877193,228,83.24561309814453,94.0,False,False,green_only,1.899,0.39,6.0,15.0,0.0,0.0
69,768.6585365853658,343.9756097560976,41,83.95121765136719,116.0,True,True,double_positive,31.878,25.902,217.0,195.0,0.2195,0.0976
70,635.1589743589743,346.6923076923077,195,79.76923370361328,89.0,False,False,green_only,0.303,0.092,12.0,6.0,0.0,0.0
71,959.1632653061224,343.40816326530614,98,76.7755126953125,134.0,False,True,blue_positive,0.571,11.918,8.0,204.0,0.0,0.0306
72,916.4230769230769,348.11538461538464,52,69.48076629638672,75.0,False,False,green_only,0.0,0.0,0.0,0.0,0.0,0.0
73,1026.021505376344,352.505376344086,372,89.03494262695312,167.0,False,True,blue_positive,0.124,34.581,2.0,243.0,0.0,0.1317
74,1064.3333333333333,351.6666666666667,57,77.24561309814453,107.0,False,True,blue_positive,0.0,10.035,0.0,185.0,0.0,0.0351
75,889.5506329113924,353.2278481012658,158,86.16455841064453,138.0,False,True,blue_positive,8.937,40.335,41.0,235.0,0.0,0.1456
76,771.1271186440678,354.635593220339,118,83.8559341430664,107.0,True,True,double_positive,91.5,16.229,227.0,192.0,0.6864,0.0508
77,1097.5671641791046,350.23880597014926,536,90.4197769165039,129.0,False,True,blue_positive,0.269,29.317,8.0,235.0,0.0,0.0784
78,959.311475409836,354.0409836065574,122,77.03278350830078,123.0,False,True,blue_positive,2.648,21.393,24.0,207.0,0.0,0.0738
79,621.3482142857143,358.4642857142857,112,78.375,102.0,False,True,blue_positive,0.188,12.554,2.0,195.0,0.0,0.0268
80,609.9264705882352,360.19117647058823,68,82.27941131591797,109.0,False,True,blue_positive,0.088,16.897,1.0,207.0,0.0,0.0294
81,674.2057416267943,361.7081339712919,209,63.861244201660156,72.0,False,False,green_only,0.105,0.0,3.0,0.0,0.0,0.0
82,856.013698630137,361.3972602739726,73,86.38356018066406,117.0,False,True,blue_positive,0.0,24.219,0.0,211.0,0.0,0.0685
83,1150.2622950819673,361.54918032786884,122,63.61475372314453,76.0,False,False,green_only,0.123,0.0,3.0,0.0,0.0,0.0
84,1011.75956284153,364.8879781420765,366,85.62841796875,171.0,False,True,blue_positive,0.022,24.727,2.0,246.0,0.0,0.0984
85,976.6,361.59285714285716,140,72.37142944335938,113.0,False,True,blue_positive,3.107,6.693,18.0,190.0,0.0,0.0143
86,1058.2196531791908,363.46820809248555,173,84.89595031738281,109.0,False,True,blue_positive,0.0,17.0,0.0,214.0,0.0,0.0462
87,905.804347826087,366.0217391304348,46,70.41304016113281,79.0,False,False,green_only,0.0,0.087,0.0,1.0,0.0,0.0
88,567.5,368.3666666666667,60,85.6500015258789,98.0,False,False,green_only,0.0,5.717,0.0,156.0,0.0,0.0167
89,986.9824561403509,369.5964912280702,57,81.24561309814453,120.0,False,True,blue_positive,4.579,26.789,23.0,205.0,0.0,0.0702
90,975.375,372.5,56,75.10713958740234,123.0,False,True,blue_positive,0.214,15.625,3.0,198.0,0.0,0.0536
91,1065.8684210526317,373.0,76,82.32894897460938,109.0,False,True,blue_positive,0.079,22.421,1.0,205.0,0.0,0.0789
92,891.1542056074767,375.5747663551402,214,79.5,100.0,False,False,green_only,1.393,4.953,10.0,163.0,0.0,0.0047
93,862.5577395577395,377.8157248157248,407,90.60933685302734,115.0,False,True,blue_positive,1.381,27.469,23.0,231.0,0.0,0.0737
94,1167.9823529411765,379.8411764705882,170,63.588233947753906,75.0,False,False,green_only,0.0,0.0,0.0,0.0,0.0,0.0
95,1094.7118644067796,379.8135593220339,118,84.37287902832031,137.0,False,True,blue_positive,13.712,24.347,63.0,244.0,0.0085,0.0847
96,1105.2222222222222,384.7142857142857,63,81.65079498291016,110.0,True,True,double_positive,51.492,17.73,88.0,201.0,0.3333,0.0476
97,967.7112299465241,394.8636363636364,374,77.20587921142578,136.0,False,True,blue_positive,1.658,20.634,14.0,235.0,0.0,0.0668
98,1183.990990990991,396.2072072072072,111,62.56756591796875,67.0,False,False,green_only,0.0,0.0,0.0,0.0,0.0,0.0
99,1141.840425531915,396.1170212765957,94,70.52127838134766,91.0,False,False,green_only,0.053,0.745,1.0,20.0,0.0,0.0
100,929.7587939698492,399.2814070351759,199,62.25125503540039,68.0,False,False,green_only,0.0,0.0,0.0,0.0,0.0,0.0
101,838.7950819672132,399.04918032786884,122,94.45082092285156,132.0,False,True,blue_positive,0.0,50.779,0.0,236.0,0.0,0.1967
102,1215.4982578397212,405.70383275261327,287,81.75609588623047,146.0,False,True,blue_positive,0.0,44.571,0.0,249.0,0.0,0.1672
103,848.4042553191489,405.29787234042556,47,84.7872314453125,95.0,False,False,green_only,0.0,2.723,0.0,92.0,0.0,0.0
104,828.9201877934272,406.9765258215962,213,91.07041931152344,150.0,False,True,blue_positive,2.296,41.662,17.0,219.0,0.0,0.1502
105,1115.0344827586207,406.67241379310343,58,76.81034851074219,95.0,False,True,blue_positive,0.638,3.828,7.0,170.0,0.0,0.0172
106,491.12461773700306,411.69954128440367,1308,103.65137481689453,160.0,False,True,blue_positive,2.852,61.279,34.0,213.0,0.0,0.2798
107,1060.021505376344,407.258064516129,93,90.89247131347656,116.0,False,True,blue_positive,3.409,55.903,18.0,241.0,0.0,0.2151
108,1177.8695652173913,409.7826086956522,46,67.15217590332031,72.0,False,False,green_only,0.0,0.0,0.0,0.0,0.0,0.0
109,1660.2923076923078,409.32307692307694,65,58.123077392578125,168.0,False,True,blue_positive,0.0,38.4,0.0,227.0,0.0,0.1385
110,705.6190476190476,412.1746031746032,63,56.47618865966797,61.0,False,False,green_only,0.0,0.0,0.0,0.0,0.0,0.0
111,865.133909287257,415.4622030237581,463,101.8660888671875,180.0,False,True,blue_positive,0.0,80.013,0.0,230.0,0.0,0.3391
112,996.768115942029,412.28985507246375,69,76.82608795166016,93.0,False,False,green_only,0.348,2.159,1.0,33.0,0.0,0.0
113,965.7211267605634,417.70704225352114,355,77.12394714355469,159.0,False,True,blue_positive,2.535,17.842,18.0,234.0,0.0,0.0704
114,563.4059829059829,417.95299145299145,234,81.71794891357422,92.0,False,False,green_only,0.927,0.056,4.0,4.0,0.0,0.0
115,580.1516129032258,415.5290322580645,310,77.43548583984375,92.0,False,False,green_only,0.955,0.268,4.0,21.0,0.0,0.0
116,1064.2307692307693,415.1923076923077,52,90.98076629638672,121.0,False,True,blue_positive,7.635,39.346,19.0,220.0,0.0,0.1346
117,751.0518518518519,422.7185185185185,405,80.65679168701172,120.0,False,True,blue_positive,0.351,13.259,6.0,223.0,0.0,0.0444
118,464.112,423.304,125,88.09600067138672,104.0,False,False,green_only,0.0,9.952,0.0,118.0,0.0,0.0
119,592.5108695652174,428.5108695652174,92,67.98912811279297,74.0,False,False,green_only,0.859,0.0,4.0,0.0,0.0,0.0
120,658.3705179282869,427.2629482071713,502,63.701194763183594,74.0,False,False,green_only,0.239,0.0,2.0,0.0,0.0,0.0
121,995.3030303030303,425.6363636363636,165,83.20606231689453,108.0,False,True,blue_positive,2.479,12.879,23.0,205.0,0.0,0.0364
122,832.0388888888889,427.06666666666666,180,88.8499984741211,136.0,False,True,blue_positive,0.044,36.572,2.0,235.0,0.0,0.15
123,452.56470588235294,429.5,170,74.07646942138672,90.0,False,False,green_only,0.518,0.053,3.0,6.0,0.0,0.0
124,1014.1343283582089,428.3731343283582,67,83.94029998779297,112.0,False,True,blue_positive,0.0,25.478,0.0,205.0,0.0,0.0896
125,982.5434782608696,430.44202898550725,138,88.0797119140625,123.0,False,True,blue_positive,5.674,39.913,25.0,230.0,0.0,0.1304
126,1199.622641509434,429.91509433962267,106,73.5660400390625,90.0,False,False,green_only,0.0,0.557,0.0,28.0,0.0,0.0
127,1248.0394736842106,430.13157894736844,76,59.23684310913086,86.0,False,True,blue_positive,0.0,4.184,0.0,169.0,0.0,0.0132
128,785.1760299625469,427.9007490636704,1068,97.64325714111328,178.0,False,True,blue_positive,0.411,47.555,8.0,220.0,0.0,0.1901
129,1140.9344262295083,432.5081967213115,122,73.36885070800781,82.0,False,False,green_only,2.164,0.0,7.0,0.0,0.0,0.0
130,1094.4608695652173,431.2,115,86.72174072265625,99.0,False,True,blue_positive,14.835,10.122,41.0,190.0,0.0,0.0174
131,1222.2481617647059,431.4540441176471,544,76.31617736816406,105.0,False,False,green_only,0.401,7.441,6.0,133.0,0.0,0.0037
132,1074.3095238095239,434.9761904761905,84,95.01190185546875,117.0,False,True,blue_positive,18.762,31.774,49.0,208.0,0.0,0.0952
133,1106.8676470588234,435.6764705882353,68,81.05882263183594,111.0,False,True,blue_positive,9.044,13.5,20.0,197.0,0.0,0.0441
134,1067.2,435.6,65,103.72307586669922,134.0,False,True,blue_positive,5.4,77.185,27.0,227.0,0.0,0.2769
135,929.0919540229885,439.367816091954,87,63.21839141845703,80.0,False,False,green_only,0.0,0.31,0.0,6.0,0.0,0.0
136,1115.9117647058824,438.0735294117647,68,85.42646789550781,116.0,False,True,blue_positive,11.074,21.353,31.0,202.0,0.0,0.0588
137,912.5875,439.65625,160,65.8187484741211,88.0,False,False,green_only,0.0,0.938,0.0,104.0,0.0,0.0
138,1052.8605577689243,433.9840637450199,251,93.69721221923828,127.0,True,True,double_positive,20.53,36.873,65.0,228.0,0.0518,0.1394
139,831.7943925233645,440.9018691588785,214,85.6495361328125,139.0,False,True,blue_positive,0.159,40.037,2.0,237.0,0.0,0.1589
140,892.8456375838927,440.30872483221475,149,70.29530334472656,101.0,False,True,blue_positive,0.027,6.953,2.0,203.0,0.0,0.0201
141,673.3380281690141,444.6267605633803,142,64.50704193115234,71.0,False,False,green_only,0.014,0.0,2.0,0.0,0.0,0.0
142,957.8333333333334,447.1111111111111,54,65.20370483398438,83.0,False,False,green_only,0.167,0.852,3.0,37.0,0.0,0.0
143,456.7313432835821,446.8768656716418,268,91.33209228515625,110.0,False,True,blue_positive,0.784,16.291,3.0,189.0,0.0,0.0149
144,651.0963855421687,447.33734939759034,83,64.54216766357422,72.0,False,False,green_only,0.0,0.0,0.0,0.0,0.0,0.0
145,769.1632653061224,448.7755102040816,49,91.93877410888672,177.0,False,True,blue_positive,0.0,44.551,0.0,225.0,0.0,0.1633
146,1020.7767857142857,450.7890625,896,88.91182708740234,206.0,False,True,blue_positive,0.721,30.0,13.0,239.0,0.0,0.1105
147,557.804347826087,453.1304347826087,46,72.26087188720703,79.0,False,False,green_only,0.0,0.0,0.0,0.0,0.0,0.0
148,578.6495726495726,454.29487179487177,234,74.73931884765625,91.0,False,False,green_only,0.949,0.274,7.0,8.0,0.0,0.0
149,497.44897959183675,454.265306122449,49,89.81632995605469,98.0,False,False,green_only,0.0,5.878,0.0,46.0,0.0,0.0
150,1230.4507042253522,455.6901408450704,71,68.11267852783203,75.0,False,False,green_only,0.0,0.0,0.0,0.0,0.0,0.0
151,883.3655589123867,456.89123867069486,331,66.55891418457031,113.0,False,True,blue_positive,0.091,5.831,2.0,211.0,0.0,0.0181
152,1081.5344827586207,455.93793103448274,290,117.59654998779297,220.0,False,True,blue_positive,0.0,108.441,0.0,213.0,0.0,0.5069
153,652.0422535211268,457.3521126760563,142,62.11971664428711,69.0,False,False,green_only,0.0,0.0,0.0,0.0,0.0,0.0
154,510.2277227722772,458.46534653465346,101,85.46534729003906,101.0,False,True,blue_positive,0.832,7.505,2.0,168.0,0.0,0.0099
155,953.8582089552239,457.85074626865674,134,66.91790771484375,99.0,False,True,blue_positive,2.993,14.254,17.0,206.0,0.0,0.0448
156,964.9876543209876,460.0246913580247,81,65.44444274902344,87.0,False,False,green_only,0.679,1.975,7.0,33.0,0.0,0.0
157,776.4806629834254,459.5303867403315,181,95.2596664428711,134.0,False,True,blue_positive,0.011,46.061,2.0,229.0,0.0,0.1713
158,1057.21875,461.3125,128,109.2734375,171.0,False,True,blue_positive,0.0,104.289,0.0,217.0,0.0,0.4844
159,449.0875,462.85,400,96.25250244140625,111.0,False,True,blue_positive,0.53,34.587,3.0,206.0,0.0,0.045
160,1252.3538461538462,465.0769230769231,65,54.661537170410156,60.0,False,False,green_only,0.0,0.0,0.0,0.0,0.0,0.0
161,697.6382978723404,466.63829787234044,47,63.36170196533203,79.0,False,False,green_only,0.0,2.213,0.0,29.0,0.0,0.0
162,775.9827586206897,470.62068965517244,58,96.44827270507812,133.0,False,True,blue_positive,0.0,53.845,0.0,211.0,0.0,0.1724
163,800.052,466.532,250,108.73999786376953,151.0,False,True,blue_positive,0.372,109.88,3.0,221.0,0.0,0.48
164,1224.7761194029852,469.4776119402985,134,67.86566925048828,74.0,False,False,green_only,0.0,0.0,0.0,0.0,0.0,0.0
165,427.709219858156,468.6808510638298,141,76.29077911376953,93.0,False,False,green_only,0.319,0.213,1.0,14.0,0.0,0.0
166,583.3218390804598,470.82758620689657,87,69.17241668701172,90.0,False,False,green_only,1.322,2.023,3.0,108.0,0.0,0.0
167,1159.4497354497355,470.95238095238096,189,86.91534423828125,120.0,False,True,blue_positive,2.995,31.55,15.0,229.0,0.0,0.1111
168,655.8125,474.5125,80,60.67499923706055,66.0,False,False,green_only,0.375,0.0,2.0,0.0,0.0,0.0
169,687.508064516129,474.3790322580645,124,64.00806427001953,88.0,False,False,green_only,0.0,0.806,0.0,44.0,0.0,0.0
170,1052.024054982818,474.74570446735396,291,96.0687255859375,182.0,False,True,blue_positive,0.021,52.436,3.0,231.0,0.0,0.2199
171,456.41530054644807,477.672131147541,366,98.33333587646484,108.0,False,True,blue_positive,0.762,31.445,6.0,195.0,0.0,0.0137
172,788.4191616766467,476.2634730538922,334,91.76946258544922,145.0,False,True,blue_positive,0.147,45.359,3.0,220.0,0.0,0.1856
173,882.4285714285714,476.95238095238096,126,64.12698364257812,78.0,False,False,green_only,0.0,0.151,0.0,16.0,0.0,0.0
174,1099.3442136498516,478.14540059347183,674,114.30415344238281,238.0,False,True,blue_positive,0.476,85.902,15.0,209.0,0.0,0.4065
175,578.6459627329192,481.7826086956522,161,72.55900573730469,87.0,False,False,green_only,0.534,0.174,4.0,6.0,0.0,0.0
176,1167.2571428571428,485.1142857142857,210,77.86190795898438,90.0,False,False,green_only,2.033,1.69,17.0,46.0,0.0,0.0
177,475.39772727272725,483.6761363636364,176,97.3352279663086,107.0,False,True,blue_positive,0.392,19.551,3.0,193.0,0.0,0.017
178,498.3686567164179,485.75522388059704,670,101.62089538574219,138.0,False,True,blue_positive,1.064,69.431,4.0,219.0,0.0,0.2731
179,1249.5365853658536,485.219512195122,41,57.73170852661133,60.0,False,False,green_only,0.0,0.0,0.0,0.0,0.0,0.0
180,570.0263157894736,487.2368421052632,76,71.47368621826172,84.0,False,False,green_only,2.013,0.0,10.0,0.0,0.0,0.0
181,741.1894736842105,484.62105263157895,95,58.34737014770508,81.0,False,False,green_only,0.0,0.6,0.0,12.0,0.0,0.0
182,554.1730769230769,488.72527472527474,364,81.38735961914062,111.0,False,True,blue_positive,5.016,17.286,23.0,233.0,0.0,0.0495
183,1082.8695652173913,489.256038647343,207,104.59903717041016,189.0,False,True,blue_positive,0.039,74.585,3.0,224.0,0.0,0.3188
184,730.7727272727273,491.0113636363636,88,58.32954406738281,71.0,False,False,green_only,0.0,0.0,0.0,0.0,0.0,0.0
185,416.2843450479233,497.49041533546324,626,78.93290710449219,110.0,False,True,blue_positive,0.0,4.733,0.0,183.0,0.0,0.008
186,809.6875,499.7083333333333,96,77.29166412353516,109.0,False,True,blue_positive,0.146,16.406,2.0,209.0,0.0,0.0521
187,1154.1393129770993,506.4351145038168,524,79.88931274414062,126.0,False,True,blue_positive,0.344,12.698,7.0,220.0,0.0,0.0496
188,1248.9896907216496,509.16494845360825,97,65.1855697631836,73.0,False,False,green_only,0.0,0.0,0.0,0.0,0.0,0.0
189,410.5833333333333,522.5782828282828,396,81.19949340820312,102.0,False,False,green_only,1.245,5.452,10.0,119.0,0.0,0.0
190,983.4782608695652,516.1242236024844,322,75.62422180175781,108.0,False,True,blue_positive,14.379,9.401,42.0,197.0,0.0,0.0217
191,1255.9193548387098,517.0645161290323,62,67.17742156982422,73.0,False,False,green_only,0.0,0.0,0.0,0.0,0.0,0.0
192,530.1898734177215,517.5443037974684,79,72.72151947021484,84.0,False,False,green_only,0.0,0.266,0.0,8.0,0.0,0.0
193,715.8333333333334,518.0208333333334,48,55.70833206176758,74.0,False,False,green_only,0.0,1.646,0.0,48.0,0.0,0.0
194,920.9126213592233,519.252427184466,103,50.49514389038086,58.0,False,False,green_only,0.845,0.0,6.0,0.0,0.0,0.0
195,497.2456140350877,519.2982456140351,57,93.77192687988281,126.0,False,True,blue_positive,14.509,45.281,25.0,220.0,0.0,0.1404
196,827.156462585034,521.4727891156463,294,61.21428680419922,69.0,False,False,green_only,0.031,0.0,3.0,0.0,0.0,0.0
197,843.878,514.08,500,73.32599639892578,198.0,False,True,blue_positive,0.02,10.782,2.0,246.0,0.0,0.034
198,1170.6842105263158,520.5438596491229,57,71.33333587646484,76.0,False,False,green_only,0.0,0.0,0.0,0.0,0.0,0.0
199,721.3478260869565,523.7391304347826,69,53.5797119140625,72.0,False,False,green_only,0.0,0.493,0.0,5.0,0.0,0.0
200,969.5044247787611,524.0796460176991,113,69.52212524414062,81.0,False,False,green_only,15.027,0.0,25.0,0.0,0.0,0.0
201,1280.6011235955057,524.4606741573034,178,66.34831237792969,127.0,False,True,blue_positive,0.64,4.747,6.0,210.0,0.0,0.0112
202,811.0275229357799,525.5412844036697,109,65.33027648925781,99.0,False,False,green_only,0.0,3.982,0.0,105.0,0.0,0.0
203,709.0344827586207,526.7068965517242,58,57.7068977355957,71.0,False,False,green_only,0.207,0.034,2.0,2.0,0.0,0.0
204,1269.2,529.5448275862069,145,72.20689392089844,107.0,False,True,blue_positive,0.634,6.841,4.0,201.0,0.0,0.0138
205,617.156050955414,534.156050955414,314,58.53821563720703,65.0,False,False,green_only,0.201,0.0,4.0,0.0,0.0,0.0
206,758.6375,532.7375,80,55.162498474121094,76.0,False,False,green_only,0.688,0.013,10.0,1.0,0.0,0.0
207,531.0515463917526,534.1855670103092,97,75.8453598022461,88.0,False,False,green_only,0.804,0.113,8.0,6.0,0.0,0.0
208,1068.221649484536,532.9175257731958,194,78.5,97.0,True,False,red_positive,59.268,3.608,180.0,158.0,0.5,0.0103
209,1103.963144963145,535.972972972973,407,81.93366241455078,172.0,True,True,double_positive,31.4,26.413,122.0,251.0,0.2383,0.0958
210,769.4745762711865,535.1355932203389,118,56.1016960144043,88.0,False,False,green_only,0.127,5.407,6.0,149.0,0.0,0.0085
211,1287.287356321839,535.264367816092,87,74.63218688964844,129.0,False,True,blue_positive,0.391,30.667,9.0,213.0,0.0,0.1034
212,1029.304347826087,538.5217391304348,92,77.38043212890625,100.0,True,True,double_positive,42.967,12.772,81.0,204.0,0.2935,0.0435
213,1059.2033898305085,538.3050847457627,59,82.67796325683594,106.0,True,True,double_positive,46.441,22.966,125.0,210.0,0.339,0.0678
214,435.7171717171717,539.1212121212121,99,82.03030395507812,99.0,False,True,blue_positive,0.899,2.596,4.0,192.0,0.0,0.0101
215,1278.452380952381,541.9285714285714,42,76.21428680419922,118.0,False,True,blue_positive,1.881,16.31,6.0,213.0,0.0,0.0714
216,492.82608695652175,543.5815217391304,1288,96.40682983398438,218.0,False,True,blue_positive,6.644,47.278,38.0,229.0,0.0,0.1879
217,1258.8818565400843,544.379746835443,237,84.49366760253906,112.0,False,True,blue_positive,1.456,22.844,15.0,215.0,0.0,0.0675
218,963.9351851851852,544.4027777777778,216,79.31018829345703,100.0,False,False,green_only,6.681,2.426,21.0,100.0,0.0,0.0
219,434.3980582524272,549.6310679611651,103,77.92233276367188,88.0,False,False,green_only,0.369,1.252,4.0,18.0,0.0,0.0
220,1175.7148760330579,548.4090909090909,242,65.00413513183594,75.0,False,False,green_only,2.967,0.0,14.0,0.0,0.0,0.0
221,1045.1007326007325,550.1904761904761,546,78.94322204589844,127.0,True,True,double_positive,90.863,5.592,162.0,228.0,0.7821,0.0183
222,976.7142857142857,551.4285714285714,49,79.0204086303711,109.0,False,True,blue_positive,0.0,20.776,0.0,193.0,0.0,0.0816
223,953.8920634920635,555.0444444444445,315,72.72698211669922,137.0,False,True,blue_positive,7.13,5.276,30.0,207.0,0.0,0.0159
224,782.4150943396227,554.1509433962265,53,51.433963775634766,56.0,False,False,green_only,0.094,0.0,2.0,0.0,0.0,0.0
225,429.405,562.685,200,78.19999694824219,90.0,False,False,green_only,1.025,1.605,9.0,103.0,0.0,0.0
226,1081.9561752988047,563.4780876494024,251,89.09561920166016,137.0,True,True,double_positive,5.625,46.876,136.0,248.0,0.0478,0.1713
227,1274.471098265896,565.1618497109827,346,77.68497467041016,118.0,False,True,blue_positive,0.101,20.841,4.0,223.0,0.0,0.0809
228,807.6118143459915,566.6877637130801,237,56.26160430908203,76.0,False,False,green_only,5.759,0.0,21.0,0.0,0.0,0.0
229,904.0861244019138,572.4593301435407,209,55.03349304199219,68.0,False,False,green_only,1.321,0.0,4.0,0.0,0.0,0.0
230,991.3064516129032,571.0630498533725,682,91.24193572998047,128.0,False,True,blue_positive,8.919,50.062,35.0,239.0,0.0,0.2038
231,493.68518518518516,575.9907407407408,108,86.72222137451172,178.0,False,True,blue_positive,0.0,42.093,0.0,238.0,0.0,0.1759
232,580.2,577.1405405405405,185,69.67027282714844,100.0,True,True,double_positive,33.065,5.2,86.0,189.0,0.0757,0.0108
233,390.0759493670886,580.1772151898734,79,64.69620513916016,69.0,False,False,green_only,2.152,0.0,4.0,0.0,0.0,0.0
234,478.90579710144925,581.4130434782609,138,77.39130401611328,112.0,False,True,blue_positive,0.406,16.239,1.0,202.0,0.0,0.0435
235,404.9753086419753,584.9135802469136,243,81.45267486572266,108.0,False,True,blue_positive,0.667,10.617,6.0,206.0,0.0,0.0206
236,951.2027027027027,585.3378378378378,74,68.6891860961914,124.0,False,True,blue_positive,1.486,14.365,8.0,202.0,0.0,0.0541
237,1284.6090909090908,587.6727272727272,110,75.5727310180664,101.0,False,True,blue_positive,0.0,11.982,0.0,188.0,0.0,0.0455
238,1076.5652173913043,587.4173913043478,115,74.57391357421875,120.0,False,True,blue_positive,1.148,14.096,12.0,214.0,0.0,0.0522
239,1259.7654320987654,591.3086419753087,81,90.35802459716797,127.0,True,True,double_positive,140.333,30.716,228.0,233.0,1.0,0.0864
240,964.25,592.7,60,70.75,99.0,False,True,blue_positive,4.917,22.7,10.0,202.0,0.0,0.0667
241,1110.2534246575342,591.6712328767123,146,70.08904266357422,94.0,False,False,green_only,0.808,3.322,8.0,118.0,0.0,0.0
242,1301.75,591.85,80,64.6624984741211,96.0,False,True,blue_positive,0.0,7.1,0.0,181.0,0.0,0.025
243,1268.1075268817203,594.9247311827957,93,92.7741928100586,128.0,True,True,double_positive,135.634,45.247,224.0,238.0,1.0,0.172
244,1088.8666666666666,595.1575757575757,165,77.57575988769531,129.0,False,True,blue_positive,0.194,24.715,4.0,231.0,0.0,0.0909
245,557.0225563909775,598.1052631578947,133,70.03759765625,96.0,False,True,blue_positive,19.368,1.707,63.0,191.0,0.0226,0.0075
246,877.5714285714286,599.5785714285714,140,55.20000076293945,78.0,False,False,green_only,0.0,1.171,0.0,98.0,0.0,0.0
247,1205.434599156118,601.5274261603375,237,70.95358276367188,104.0,False,True,blue_positive,2.924,3.127,10.0,220.0,0.0,0.0084
248,392.8970588235294,604.9901960784314,204,74.05882263183594,84.0,False,False,green_only,0.167,0.0,2.0,0.0,0.0,0.0
249,1189.2536231884058,609.9492753623189,138,67.98550415039062,85.0,False,False,green_only,2.514,1.377,7.0,105.0,0.0,0.0
250,1272.3932584269662,613.2528089887641,356,90.4606704711914,126.0,True,True,double_positive,57.531,26.424,146.0,232.0,0.514,0.0787
251,1097.3214285714287,610.9464285714286,280,74.88214111328125,121.0,False,True,blue_positive,6.082,14.257,30.0,217.0,0.0,0.0464
252,876.5689655172414,614.0086206896551,116,62.681034088134766,103.0,False,True,blue_positive,4.052,11.647,14.0,210.0,0.0,0.0259
253,903.2549019607843,617.4313725490196,51,59.01960754394531,87.0,False,False,green_only,0.0,5.098,0.0,110.0,0.0,0.0
254,850.7222222222222,619.7460317460317,126,55.150794982910156,84.0,False,True,blue_positive,2.27,1.611,8.0,169.0,0.0,0.0079
255,393.1940298507463,620.681592039801,201,78.9353256225586,88.0,False,False,green_only,0.433,0.045,2.0,7.0,0.0,0.0
256,461.18811881188117,621.7722772277227,101,62.881187438964844,68.0,False,False,green_only,2.406,0.0,8.0,0.0,0.0,0.0
257,404.5189873417722,623.5822784810126,79,83.35443115234375,92.0,False,False,green_only,1.532,0.987,7.0,8.0,0.0,0.0
258,560.7015873015873,623.1047619047619,315,75.78730010986328,164.0,True,True,double_positive,42.832,16.813,131.0,233.0,0.3365,0.0603
259,891.7848101265823,625.1012658227849,79,62.0,84.0,False,False,green_only,0.114,2.203,1.0,29.0,0.0,0.0
260,385.5595238095238,631.0357142857143,84,73.5952377319336,80.0,False,False,green_only,1.024,0.0,2.0,0.0,0.0,0.0
261,406.30232558139534,632.5116279069767,129,84.11627960205078,98.0,False,True,blue_positive,2.953,5.155,14.0,198.0,0.0,0.0078
262,925.0522388059702,630.1940298507462,134,56.156715393066406,77.0,False,False,green_only,0.149,0.007,2.0,1.0,0.0,0.0
263,573.7323943661971,632.0845070422536,142,76.98591613769531,116.0,True,True,double_positive,46.634,17.31,165.0,217.0,0.2324,0.0493
264,373.17333333333335,632.5733333333334,75,62.893333435058594,70.0,False,False,green_only,0.0,0.0,0.0,0.0,0.0,0.0
265,422.5263157894737,632.3684210526316,95,81.96842193603516,90.0,False,False,green_only,2.684,1.958,6.0,16.0,0.0,0.0
266,1064.9446366782006,630.726643598616,289,78.6816635131836,141.0,False,True,blue_positive,14.696,16.498,74.0,255.0,0.0208,0.0623
267,1013.1140939597316,634.5615212527964,447,72.36465454101562,140.0,False,True,blue_positive,2.141,7.718,8.0,216.0,0.0,0.0246
268,428.84090909090907,641.3636363636364,88,82.76136016845703,125.0,False,True,blue_positive,5.159,23.17,19.0,217.0,0.0,0.0682
269,1166.9351851851852,644.925925925926,108,67.63888549804688,76.0,False,False,green_only,3.065,0.019,14.0,2.0,0.0,0.0
270,1244.8453796889296,640.83989021043,1093,99.34217834472656,215.0,True,True,double_positive,12.403,56.841,193.0,224.0,0.0741,0.247
271,1031.0973451327434,645.7699115044247,113,77.67256927490234,109.0,False,True,blue_positive,0.115,14.894,2.0,204.0,0.0,0.0354
272,1218.6135135135135,645.5162162162162,370,109.77838134765625,183.0,False,True,blue_positive,6.414,92.927,25.0,225.0,0.0,0.4135
273,1151.3939393939395,646.6363636363636,99,66.92929077148438,84.0,False,False,green_only,0.576,2.081,6.0,110.0,0.0,0.0
274,570.1388888888889,646.3611111111111,72,77.81944274902344,96.0,True,False,red_positive,24.444,9.639,92.0,166.0,0.1111,0.0278
275,751.11004784689,647.2870813397129,209,55.05263137817383,73.0,False,False,green_only,0.536,0.0,7.0,0.0,0.0,0.0
276,1075.9442508710802,647.8188153310105,287,91.2822265625,181.0,False,True,blue_positive,8.972,37.683,59.0,243.0,0.0035,0.1394
277,1089.6714285714286,648.1714285714286,280,85.27857208251953,174.0,False,True,blue_positive,18.514,20.039,74.0,235.0,0.0143,0.0714
278,582.9915966386554,649.5882352941177,238,74.56302642822266,103.0,True,True,double_positive,62.651,7.613,224.0,202.0,0.4454,0.0252
279,1103.5617283950617,648.5061728395061,324,81.2716064453125,134.0,True,True,double_positive,24.59,21.457,69.0,246.0,0.0309,0.0772
280,1003.7901234567901,651.6296296296297,81,67.16049194335938,82.0,False,False,green_only,0.074,0.642,2.0,27.0,0.0,0.0
281,1293.6586021505377,652.9059139784946,372,80.65322875976562,92.0,False,False,green_only,0.0,0.392,0.0,31.0,0.0,0.0
282,920.5263157894736,653.3684210526316,57,52.33333206176758,64.0,False,False,green_only,0.0,1.14,0.0,14.0,0.0,0.0
283,891.9197530864197,656.0802469135803,162,58.01852035522461,92.0,False,True,blue_positive,0.704,3.778,6.0,203.0,0.0,0.0123
284,1015.0384615384615,658.3076923076923,52,76.84615325927734,118.0,False,True,blue_positive,0.0,24.423,0.0,200.0,0.0,0.0962
285,847.6046511627907,659.6220930232558,172,57.38372039794922,75.0,False,False,green_only,2.07,0.192,7.0,7.0,0.0,0.0
286,908.6222222222223,661.1,90,56.21111297607422,103.0,False,True,blue_positive,0.0,6.322,0.0,206.0,0.0,0.0222
287,574.3444444444444,665.3777777777777,270,76.0111083984375,108.0,True,True,double_positive,49.463,10.289,177.0,206.0,0.4333,0.0259
288,997.5037037037036,664.1333333333333,135,65.21481323242188,76.0,False,False,green_only,0.119,0.0,2.0,0.0,0.0,0.0
289,475.98,667.1,100,65.30999755859375,73.0,False,False,green_only,1.21,0.0,4.0,0.0,0.0,0.0
290,1304.623188405797,665.5797101449275,69,75.27536010742188,86.0,False,False,green_only,0.0,0.0,0.0,0.0,0.0,0.0
291,1076.2755102040817,667.6122448979592,98,80.41836547851562,142.0,True,True,double_positive,26.255,31.806,76.0,219.0,0.1531,0.102
292,562.0505050505051,670.3131313131313,99,76.40403747558594,113.0,True,True,double_positive,18.051,19.576,68.0,210.0,0.0404,0.0808
293,952.1311475409836,671.3770491803278,61,48.540985107421875,58.0,False,False,green_only,0.23,0.0,2.0,0.0,0.0,0.0
294,549.3333333333334,678.0967741935484,186,80.4731216430664,118.0,True,True,double_positive,43.753,22.204,176.0,223.0,0.328,0.0914
295,573.9230769230769,679.4230769230769,52,77.30769348144531,103.0,True,True,double_positive,81.885,11.096,171.0,198.0,0.7308,0.0385
296,371.1931649331352,670.9390787518573,673,77.71768188476562,104.0,False,True,blue_positive,1.483,5.254,9.0,194.0,0.0,0.0059
297,496.0325203252033,681.6585365853658,123,59.723575592041016,67.0,False,False,green_only,0.537,0.0,3.0,0.0,0.0,0.0
298,536.1153846153846,681.5,286,69.66433715820312,138.0,False,True,blue_positive,23.615,4.483,60.0,208.0,0.014,0.014
299,663.8813559322034,679.8135593220339,59,45.62711715698242,49.0,False,False,green_only,0.0,0.0,0.0,0.0,0.0,0.0
300,405.3377483443709,685.0860927152318,151,84.46357727050781,89.0,False,False,green_only,0.007,0.616,1.0,15.0,0.0,0.0
301,447.73333333333335,680.7098039215687,255,84.78823852539062,117.0,False,True,blue_positive,2.855,16.239,13.0,220.0,0.0,0.0392
302,1050.6727272727273,680.709090909091,55,71.87272644042969,109.0,False,True,blue_positive,20.218,9.491,42.0,202.0,0.0,0.0364
303,1274.578313253012,677.8012048192771,332,89.73493957519531,104.0,False,True,blue_positive,0.0,12.127,0.0,176.0,0.0,0.012
304,1289.924778761062,683.0752212389381,226,93.43363189697266,106.0,False,True,blue_positive,0.465,30.274,3.0,190.0,0.0,0.0619
305,1303.9187935034802,682.2737819025522,431,83.15777587890625,100.0,False,False,green_only,0.181,3.167,2.0,66.0,0.0,0.0
306,1043.2727272727273,684.2467532467532,77,72.32467651367188,90.0,False,False,green_only,20.662,3.558,37.0,99.0,0.0,0.0
307,1816.5916870415647,683.6479217603912,409,33.753055572509766,40.0,False,False,green_only,0.198,0.0,1.0,0.0,0.0,0.0
308,1013.3989637305699,686.7227979274611,386,79.67357635498047,186.0,False,True,blue_positive,1.953,18.456,20.0,252.0,0.0,0.0648
309,439.83673469387753,689.0408163265306,49,83.59183502197266,94.0,False,False,green_only,0.49,9.653,7.0,163.0,0.0,0.0204
310,557.2307692307693,693.0307692307692,130,73.47692108154297,101.0,True,True,double_positive,54.269,5.885,179.0,196.0,0.4231,0.0154
311,1173.252569750367,685.0088105726873,681,100.13362884521484,209.0,True,True,double_positive,26.89,60.2,142.0,223.0,0.1145,0.2775
312,372.986301369863,695.7342465753425,365,81.96986389160156,101.0,False,False,green_only,0.044,9.159,4.0,127.0,0.0,0.0027
313,567.9761904761905,691.4047619047619,42,73.0952377319336,90.0,False,False,green_only,33.643,7.738,59.0,98.0,0.0238,0.0
314,861.1754385964912,692.359649122807,114,61.5,110.0,False,True,blue_positive,0.018,11.728,2.0,203.0,0.0,0.0439
315,429.6275862068965,694.4689655172414,145,86.08965301513672,121.0,False,True,blue_positive,2.745,11.6,13.0,213.0,0.0,0.0345
316,1036.2814371257484,696.4011976047905,167,82.91616821289062,178.0,False,True,blue_positive,17.587,35.425,46.0,239.0,0.0,0.1317
317,458.40410958904107,693.5479452054794,146,81.40410614013672,103.0,False,True,blue_positive,4.979,11.932,24.0,214.0,0.0,0.0411
318,1165.7278582930758,704.6505636070854,621,111.99356079101562,208.0,True,True,double_positive,57.522,91.957,154.0,214.0,0.4944,0.438
319,1213.5625,700.5625,64,70.53125,76.0,False,False,green_only,0.0,0.0,0.0,0.0,0.0,0.0
320,1222.212765957447,697.4468085106383,47,68.40425872802734,72.0,False,False,green_only,0.0,0.0,0.0,0.0,0.0,0.0
321,1112.9012345679012,700.2345679012345,162,64.75308990478516,78.0,False,False,green_only,0.062,0.0,2.0,0.0,0.0,0.0
322,457.8738738738739,704.6846846846847,111,76.42342376708984,95.0,False,False,green_only,2.748,4.27,19.0,124.0,0.0,0.009
323,375.14772727272725,710.1022727272727,176,74.03408813476562,84.0,False,False,green_only,0.028,0.0,1.0,0.0,0.0,0.0
324,1007.954128440367,706.9266055045872,109,74.19265747070312,139.0,False,True,blue_positive,15.688,9.495,24.0,202.0,0.0,0.0275
325,992.4153846153846,705.1076923076923,130,70.47692108154297,110.0,False,True,blue_positive,0.092,6.854,8.0,201.0,0.0,0.0231
326,389.76056338028167,710.3591549295775,142,85.02112579345703,95.0,False,False,green_only,0.127,1.697,1.0,28.0,0.0,0.0
327,419.92035398230087,708.2566371681415,113,85.3539810180664,97.0,False,False,green_only,2.133,1.876,9.0,39.0,0.0,0.0
328,823.7258064516129,714.0806451612904,62,61.935482025146484,74.0,False,False,green_only,0.0,0.226,0.0,4.0,0.0,0.0
329,417.45454545454544,717.3863636363636,44,84.13636016845703,90.0,False,False,green_only,1.068,0.318,6.0,2.0,0.0,0.0
330,766.6666666666666,715.5828220858896,489,78.11042785644531,120.0,True,True,double_positive,71.356,23.209,140.0,251.0,0.6155,0.0879
331,868.2156862745098,716.1372549019608,51,56.509803771972656,65.0,False,False,green_only,2.451,0.0,6.0,0.0,0.0,0.0
332,1302.663594470046,716.0184331797235,217,69.3732681274414,76.0,False,False,green_only,0.359,0.0,4.0,0.0,0.0,0.0
333,550.796875,722.46875,64,63.1875,66.0,False,False,green_only,2.109,0.0,13.0,0.0,0.0,0.0
334,829.8968253968254,723.2460317460317,126,67.48412322998047,84.0,False,True,blue_positive,2.492,2.96,14.0,170.0,0.0,0.0079
335,1112.6555555555556,724.5111111111111,90,64.34444427490234,68.0,False,False,green_only,0.011,0.0,1.0,0.0,0.0,0.0
336,926.7142857142857,725.2476190476191,105,56.14285659790039,63.0,False,False,green_only,0.857,0.0,4.0,0.0,0.0,0.0
337,1306.5594405594406,729.5874125874126,143,66.24475860595703,76.0,False,False,green_only,1.084,0.0,6.0,0.0,0.0,0.0
338,819.0333333333333,729.7266666666667,150,71.50666809082031,108.0,False,True,blue_positive,0.9,10.153,3.0,207.0,0.0,0.0267
339,848.0084745762712,729.2118644067797,118,66.30508422851562,98.0,False,True,blue_positive,2.237,5.534,14.0,198.0,0.0,0.0169
340,1064.1745454545455,729.8909090909091,275,73.9272689819336,88.0,False,False,green_only,0.004,0.138,1.0,12.0,0.0,0.0
341,1230.3415841584158,731.5841584158416,202,71.07425689697266,81.0,False,False,green_only,0.0,0.0,0.0,0.0,0.0,0.0
342,952.6075650118204,731.3617021276596,423,74.0709228515625,94.0,False,False,green_only,1.65,1.293,8.0,119.0,0.0,0.0
343,773.5537190082645,733.801652892562,121,67.78512573242188,85.0,True,False,red_positive,38.727,0.0,69.0,0.0,0.1983,0.0
344,377.46907216494844,733.9690721649484,194,73.78350830078125,84.0,False,False,green_only,0.948,0.0,4.0,0.0,0.0,0.0
345,1195.7610619469026,733.4247787610619,113,74.76106262207031,84.0,False,False,green_only,0.035,0.0,1.0,0.0,0.0,0.0
346,596.0731707317074,742.8536585365854,164,57.878047943115234,65.0,False,False,green_only,0.226,0.0,4.0,0.0,0.0,0.0
347,1198.9107142857142,746.9107142857143,168,72.36904907226562,80.0,False,False,green_only,0.018,0.0,2.0,0.0,0.0,0.0
348,835.6086956521739,743.5072463768116,69,75.36231994628906,121.0,False,True,blue_positive,3.087,20.087,8.0,208.0,0.0,0.058
349,1299.1242603550295,744.1005917159763,169,69.27810668945312,79.0,False,False,green_only,0.491,0.0,8.0,0.0,0.0,0.0
350,1055.3614814814814,747.7896296296296,675,82.58222198486328,101.0,False,False,green_only,0.526,3.499,8.0,163.0,0.0,0.003
351,730.7714285714286,746.9904761904762,105,66.5999984741211,82.0,False,False,green_only,2.343,0.81,7.0,16.0,0.0,0.0
352,551.7982456140351,752.0394736842105,228,75.17105102539062,126.0,False,True,blue_positive,0.443,14.557,4.0,208.0,0.0,0.0395
353,1285.651851851852,750.562962962963,135,78.2370376586914,113.0,False,True,blue_positive,0.0,8.904,0.0,206.0,0.0,0.0296
354,829.8933333333333,753.36,75,76.77333068847656,94.0,False,True,blue_positive,0.6,6.293,4.0,183.0,0.0,0.0133
355,449.51020408163265,754.5714285714286,49,65.10204315185547,75.0,False,False,green_only,2.367,0.0,4.0,0.0,0.0,0.0
356,1135.584942084942,757.4285714285714,518,91.57142639160156,155.0,True,True,double_positive,28.959,50.531,98.0,241.0,0.0965,0.195
357,398.6394148020654,756.6222030981068,1162,89.32701873779297,103.0,False,True,blue_positive,0.69,11.394,3.0,196.0,0.0,0.0043
358,518.8793103448276,755.5862068965517,116,68.76724243164062,114.0,False,True,blue_positive,0.983,5.319,3.0,183.0,0.0,0.0172
359,953.0577427821522,754.8425196850394,381,82.52755737304688,106.0,False,True,blue_positive,0.858,12.003,4.0,177.0,0.0,0.0131
360,1276.7551020408164,756.9081632653061,98,81.71428680419922,126.0,False,True,blue_positive,0.0,19.98,0.0,212.0,0.0,0.0612
361,562.0769230769231,758.9230769230769,52,64.23076629638672,72.0,False,False,green_only,1.962,0.058,3.0,3.0,0.0,0.0
362,752.3686956521739,759.4904347826086,575,68.69912719726562,108.0,True,True,double_positive,60.257,4.918,171.0,227.0,0.4765,0.0139
363,529.7931034482758,763.3103448275862,58,77.27586364746094,115.0,False,True,blue_positive,1.121,22.086,4.0,220.0,0.0,0.069
364,539.5384615384615,763.1076923076923,65,74.93846130371094,116.0,False,True,blue_positive,1.031,11.6,3.0,224.0,0.0,0.0308
365,939.5171232876712,765.9828767123288,292,79.15753173828125,102.0,False,False,green_only,0.89,6.818,6.0,122.0,0.0,0.0
366,814.8947368421053,759.0,228,76.79386138916016,119.0,False,True,blue_positive,0.11,19.241,2.0,214.0,0.0,0.0702
367,557.3658536585366,764.5365853658536,41,74.82926940917969,101.0,False,True,blue_positive,1.854,22.268,3.0,208.0,0.0,0.0976
368,814.5565610859728,773.4886877828054,221,81.21719360351562,125.0,False,True,blue_positive,0.072,29.652,2.0,244.0,0.0,0.1131
369,1270.9259259259259,771.6851851851852,54,73.0740737915039,79.0,False,False,green_only,0.0,0.0,0.0,0.0,0.0,0.0
370,1297.212927756654,771.5627376425856,263,74.6920166015625,97.0,False,True,blue_positive,0.89,2.574,9.0,175.0,0.0,0.0076
371,1261.9666666666667,777.5666666666667,60,71.6500015258789,79.0,False,False,green_only,0.35,0.0,3.0,0.0,0.0,0.0
372,838.216894977169,777.4634703196347,438,85.33333587646484,189.0,False,True,blue_positive,0.014,33.479,2.0,247.0,0.0,0.121
373,693.5502183406113,783.9934497816594,458,76.66157531738281,153.0,False,True,blue_positive,0.445,21.996,8.0,245.0,0.0,0.0808
374,715.6447368421053,784.0043859649123,228,71.57894897460938,129.0,False,True,blue_positive,0.706,8.82,9.0,214.0,0.0,0.0219
375,1040.8985915492958,790.7577464788733,355,103.51549530029297,181.0,False,True,blue_positive,1.169,80.786,12.0,232.0,0.0,0.3521
376,1115.3444444444444,790.9333333333333,90,73.72222137451172,100.0,True,True,double_positive,42.378,9.978,122.0,204.0,0.3444,0.0444
377,1079.4978260869566,793.8673913043478,460,107.14347839355469,169.0,True,True,double_positive,4.948,96.539,91.0,223.0,0.0326,0.4283
378,718.0967741935484,799.8888888888889,279,67.00717163085938,130.0,False,True,blue_positive,1.079,9.717,4.0,226.0,0.0,0.0287
379,1101.6666666666667,796.4871794871794,117,77.19657897949219,93.0,True,False,red_positive,52.863,1.06,87.0,102.0,0.4872,0.0
380,1292.0740740740741,793.7643097643098,297,75.67676544189453,89.0,False,False,green_only,0.04,0.0,2.0,0.0,0.0,0.0
381,412.13165266106444,798.2268907563025,357,89.99720001220703,98.0,False,False,green_only,0.406,6.28,8.0,104.0,0.0,0.0
382,1185.4605263157894,802.7578947368421,760,78.68289184570312,122.0,True,True,double_positive,30.751,11.361,161.0,224.0,0.2197,0.0342
383,496.87916666666666,800.6736111111111,720,80.2249984741211,102.0,False,True,blue_positive,1.538,1.928,12.0,206.0,0.0,0.0014
384,594.5434782608696,801.8652173913043,230,72.15652465820312,87.0,False,False,green_only,1.057,0.0,15.0,0.0,0.0,0.0
385,388.51277955271564,803.5079872204473,626,86.86901092529297,106.0,False,True,blue_positive,1.358,9.912,20.0,219.0,0.0,0.0096
386,945.5417956656347,799.9040247678018,323,79.50773620605469,154.0,False,True,blue_positive,0.0,10.207,0.0,215.0,0.0,0.0248
387,1019.3333333333334,806.6944444444445,72,71.84722137451172,109.0,False,True,blue_positive,3.986,8.958,12.0,193.0,0.0,0.0278
388,1102.658536585366,807.6585365853658,41,76.41463470458984,86.0,True,False,red_positive,35.366,0.0,76.0,0.0,0.2195,0.0
389,1281.7159420289854,815.3173913043478,690,77.87391662597656,89.0,False,False,green_only,0.587,0.101,14.0,13.0,0.0,0.0
390,719.109375,814.46875,64,68.828125,91.0,False,False,green_only,0.516,3.828,2.0,114.0,0.0,0.0
391,536.3281853281853,811.4247104247104,259,80.20849609375,99.0,False,True,blue_positive,2.39,3.27,14.0,202.0,0.0,0.0077
392,1059.0424107142858,814.8214285714286,448,116.14955139160156,223.0,False,True,blue_positive,1.393,103.411,23.0,203.0,0.0,0.5045
393,942.8279569892474,819.7806451612903,465,77.63655853271484,137.0,False,True,blue_positive,0.118,12.067,7.0,220.0,0.0,0.043
394,417.26666666666665,817.8410256410257,195,91.69743347167969,117.0,False,True,blue_positive,1.779,24.518,10.0,216.0,0.0,0.0615
395,714.4852941176471,821.9264705882352,68,72.75,116.0,False,True,blue_positive,0.765,18.5,4.0,219.0,0.0,0.0588
396,580.858407079646,822.6902654867257,113,71.25663757324219,84.0,False,False,green_only,2.133,0.274,12.0,19.0,0.0,0.0
397,1089.9583333333333,820.3333333333334,192,104.44271087646484,179.0,False,True,blue_positive,0.974,96.13,17.0,235.0,0.0,0.4271
398,604.2292358803986,824.4418604651163,301,80.69435119628906,103.0,False,False,green_only,0.11,8.452,4.0,125.0,0.0,0.0033
399,377.1495145631068,828.8155339805825,515,69.48543548583984,97.0,False,True,blue_positive,1.792,1.654,15.0,202.0,0.0,0.0039
400,433.38709677419354,824.1935483870968,62,83.29032135009766,102.0,False,True,blue_positive,1.71,9.79,9.0,207.0,0.0,0.0323
401,962.9509803921569,828.4509803921569,204,82.69607543945312,138.0,False,True,blue_positive,0.0,30.995,0.0,216.0,0.0,0.1176
402,516.7878787878788,823.7979797979798,396,85.96212005615234,101.0,False,True,blue_positive,3.146,6.27,24.0,199.0,0.0,0.0076
403,683.1212121212121,829.1878787878788,165,65.9454574584961,118.0,False,True,blue_positive,1.709,6.909,8.0,205.0,0.0,0.0242
404,1060.1278195488721,832.5639097744361,133,108.61653900146484,182.0,False,True,blue_positive,0.474,86.038,8.0,211.0,0.0,0.3985
405,589.8227848101266,831.7088607594936,79,76.3417739868164,88.0,False,False,green_only,2.557,1.443,7.0,46.0,0.0,0.0
406,704.2848837209302,832.5232558139535,172,67.35465240478516,109.0,False,True,blue_positive,1.436,4.413,8.0,178.0,0.0,0.0058
407,1008.3,833.9,50,75.18000030517578,94.0,False,False,green_only,27.92,6.08,47.0,159.0,0.0,0.02
408,1072.6208791208792,834.6923076923077,182,88.26923370361328,137.0,False,True,blue_positive,0.225,27.368,4.0,214.0,0.0,0.1044
409,632.442930153322,837.12265758092,587,81.55706787109375,104.0,False,True,blue_positive,9.128,5.884,32.0,184.0,0.0,0.0034
410,1017.8048780487804,837.6341463414634,41,77.0,111.0,False,True,blue_positive,10.024,35.634,23.0,208.0,0.0,0.122
411,986.3125,839.2720588235294,272,98.5992660522461,143.0,False,True,blue_positive,26.724,75.787,60.0,225.0,0.0221,0.3235
412,1068.1122448979593,847.6020408163265,98,88.14286041259766,154.0,False,True,blue_positive,0.02,23.939,1.0,227.0,0.0,0.0714
413,776.655462184874,850.9915966386554,119,58.36134338378906,73.0,False,False,green_only,0.403,0.269,2.0,12.0,0.0,0.0
414,898.6053811659193,850.1569506726457,223,63.551570892333984,83.0,False,False,green_only,22.816,0.0,41.0,0.0,0.0,0.0
415,984.375,852.6180555555555,144,100.47222137451172,133.0,False,True,blue_positive,6.215,67.792,23.0,204.0,0.0,0.2292
416,466.73873873873873,851.8288288288288,111,74.090087890625,82.0,False,False,green_only,0.198,0.297,2.0,7.0,0.0,0.0
417,417.8988941548183,850.0078988941548,633,90.42337799072266,115.0,False,True,blue_positive,0.476,20.995,7.0,226.0,0.0,0.0632
418,489.5,851.8260869565217,46,76.73912811279297,84.0,False,False,green_only,0.0,0.0,0.0,0.0,0.0,0.0
419,1205.1458333333333,851.8541666666666,48,64.08333587646484,68.0,False,False,green_only,2.708,0.0,6.0,0.0,0.0,0.0
420,626.439393939394,857.3030303030303,66,71.36363983154297,84.0,False,False,green_only,8.576,0.0,20.0,0.0,0.0,0.0
421,788.4893617021277,853.7978723404256,94,59.73404312133789,84.0,False,True,blue_positive,0.84,2.649,3.0,169.0,0.0,0.0106
422,794.6605504587156,862.5412844036697,109,60.90825653076172,83.0,False,False,green_only,0.018,1.945,2.0,107.0,0.0,0.0
423,1063.7384615384615,859.8923076923077,65,78.0,97.0,False,True,blue_positive,0.0,6.4,0.0,192.0,0.0,0.0154
424,1239.7770700636943,859.71974522293,157,74.21018981933594,82.0,False,False,green_only,0.904,0.0,7.0,0.0,0.0,0.0
425,973.7860962566845,859.3582887700535,187,127.29946899414062,189.0,True,True,double_positive,80.198,134.053,227.0,195.0,0.5508,0.6845
426,530.085,863.055,400,95.56500244140625,161.0,False,True,blue_positive,0.08,58.958,4.0,241.0,0.0,0.235
427,658.8985148514852,863.7227722772277,404,71.71781921386719,106.0,False,True,blue_positive,3.03,4.05,19.0,173.0,0.0,0.0074
428,1013.2903225806451,865.3548387096774,62,89.19355010986328,114.0,False,True,blue_positive,0.0,28.177,0.0,197.0,0.0,0.0806
429,1104.9016393442623,865.344262295082,61,67.98360443115234,93.0,False,True,blue_positive,0.0,4.098,0.0,183.0,0.0,0.0164
430,627.25,868.2115384615385,52,62.32692337036133,67.0,False,False,green_only,16.462,0.0,31.0,0.0,0.0,0.0
431,635.9078947368421,870.9078947368421,76,63.19736862182617,70.0,False,False,green_only,7.289,0.0,25.0,0.0,0.0,0.0
432,966.9689655172414,871.1655172413793,290,127.5724105834961,241.0,True,True,double_positive,140.586,117.276,241.0,207.0,0.8103,0.5828
433,1002.0088495575221,873.5044247787611,113,92.65486907958984,127.0,False,True,blue_positive,3.619,40.469,34.0,208.0,0.0,0.177
434,1067.7898089171974,871.4076433121019,157,86.30573272705078,120.0,False,True,blue_positive,0.0,31.707,0.0,220.0,0.0,0.0955
435,786.8,876.3574468085106,235,73.68510437011719,132.0,False,True,blue_positive,0.153,25.064,2.0,229.0,0.0,0.0809
436,771.5581395348837,877.5348837209302,172,69.05232238769531,148.0,False,True,blue_positive,0.081,22.686,2.0,235.0,0.0,0.093
437,560.2910447761194,878.5746268656717,134,69.99253845214844,77.0,False,False,green_only,1.119,0.0,3.0,0.0,0.0,0.0
438,408.6183431952663,881.2485207100592,338,83.29290008544922,106.0,False,True,blue_positive,0.213,3.669,3.0,194.0,0.0,0.0059
439,592.8829787234042,880.2925531914893,188,63.1489372253418,70.0,False,False,green_only,0.053,0.0,2.0,0.0,0.0,0.0
440,487.36842105263156,882.5855263157895,152,74.61842346191406,85.0,False,False,green_only,0.401,0.671,3.0,28.0,0.0,0.0
441,500.3333333333333,883.4583333333334,120,71.61666870117188,79.0,False,False,green_only,3.0,0.017,7.0,1.0,0.0,0.0
442,1038.7457627118645,886.5762711864406,59,89.74576568603516,101.0,True,False,red_positive,24.254,1.627,68.0,38.0,0.0847,0.0
443,1020.2809706257982,895.3180076628353,783,118.94125366210938,220.0,True,True,double_positive,90.994,101.162,214.0,200.0,0.6501,0.539
444,1120.9,895.675,120,69.54166412353516,94.0,False,True,blue_positive,0.0,3.725,0.0,212.0,0.0,0.0083
445,904.5604395604396,893.2454212454212,273,67.67765808105469,108.0,False,True,blue_positive,0.0,4.751,0.0,204.0,0.0,0.0183
446,1088.0714285714287,897.5952380952381,42,75.69047546386719,84.0,False,False,green_only,0.0,0.071,0.0,3.0,0.0,0.0
447,961.3668224299065,899.7406542056075,428,99.42056274414062,172.0,False,True,blue_positive,0.166,64.336,13.0,221.0,0.0,0.2664
448,1110.0,898.6575342465753,73,69.83561706542969,84.0,False,False,green_only,0.0,2.192,0.0,97.0,0.0,0.0
449,1097.752688172043,901.8602150537635,93,74.247314453125,90.0,False,True,blue_positive,0.871,2.495,7.0,189.0,0.0,0.0108
450,1080.6708860759493,903.7974683544304,79,81.83544158935547,94.0,False,False,green_only,0.0,2.987,0.0,49.0,0.0,0.0
451,428.46101694915257,903.3016949152542,885,103.45875549316406,129.0,False,True,blue_positive,0.765,65.582,4.0,209.0,0.0,0.2814
452,937.6205128205128,908.4717948717948,390,95.1025619506836,135.0,False,True,blue_positive,0.015,45.246,3.0,233.0,0.0,0.1872
453,1043.0267489711935,910.3230452674898,486,104.32304382324219,151.0,True,True,double_positive,5.63,68.218,121.0,201.0,0.0412,0.3251
454,1079.0289855072465,917.5,138,82.23188781738281,98.0,False,False,green_only,1.92,3.587,10.0,66.0,0.0,0.0
455,466.6222222222222,921.5111111111111,45,97.15555572509766,123.0,False,True,blue_positive,0.178,59.4,1.0,207.0,0.0,0.2667
456,420.1700680272109,926.5873015873016,441,98.61904907226562,125.0,False,True,blue_positive,1.009,49.828,7.0,204.0,0.0,0.1814
457,947.5135135135135,927.4216216216216,185,98.58378601074219,147.0,False,True,blue_positive,0.032,60.038,6.0,229.0,0.0,0.2486
458,671.2121212121212,925.9333333333333,165,54.70302963256836,64.0,False,False,green_only,0.497,0.0,2.0,0.0,0.0,0.0
459,447.16058394160586,928.2773722627737,137,106.13868713378906,121.0,False,True,blue_positive,0.234,69.577,2.0,193.0,0.0,0.292
460,900.6828978622328,928.229216152019,842,87.16270446777344,202.0,False,True,blue_positive,0.062,32.628,2.0,236.0,0.0,0.1283
461,499.60267857142856,927.7232142857143,224,75.94642639160156,109.0,False,True,blue_positive,0.826,10.049,3.0,211.0,0.0,0.0268
462,726.9055118110236,930.3858267716536,127,53.11811065673828,64.0,False,False,green_only,0.236,0.0,2.0,0.0,0.0,0.0
463,1075.2575757575758,930.0909090909091,66,77.92424011230469,105.0,False,True,blue_positive,0.788,14.273,9.0,213.0,0.0,0.0606
464,816.558692421991,932.8231797919763,673,104.00297546386719,187.0,True,True,double_positive,48.559,77.043,188.0,208.0,0.364,0.3759
465,1289.1237113402062,926.9278350515464,97,68.20618438720703,101.0,False,True,blue_positive,0.0,3.969,0.0,194.0,0.0,0.0206
466,1047.2371794871794,934.2820512820513,156,82.8397445678711,103.0,False,False,green_only,0.019,4.981,3.0,165.0,0.0,0.0064
467,1083.6724137931035,932.5,58,77.70689392089844,95.0,False,True,blue_positive,17.569,6.603,47.0,198.0,0.0,0.0172
468,962.8742857142857,934.9085714285715,175,98.78857421875,160.0,False,True,blue_positive,0.12,59.486,2.0,237.0,0.0,0.2286
469,1293.6615384615384,934.3846153846154,65,63.61538314819336,74.0,False,False,green_only,0.0,0.0,0.0,0.0,0.0,0.0
470,883.9751243781094,941.4626865671642,201,84.69651794433594,126.0,False,True,blue_positive,0.065,25.706,3.0,225.0,0.0,0.0995
471,1077.1818181818182,941.1818181818181,55,80.89090728759766,110.0,False,True,blue_positive,1.818,18.782,10.0,191.0,0.0,0.0545
472,1127.09375,939.9625,160,72.9937515258789,96.0,False,True,blue_positive,0.037,7.631,1.0,201.0,0.0,0.0187
473,1295.3428571428572,943.1809523809524,105,64.38095092773438,82.0,False,False,green_only,0.2,0.0,3.0,0.0,0.0,0.0
474,798.7415143603133,945.0313315926893,383,114.6657943725586,204.0,True,True,double_positive,67.747,103.256,160.0,213.0,0.6162,0.517
475,611.1267605633802,946.6267605633802,142,72.09859466552734,82.0,False,False,green_only,1.577,0.0,4.0,0.0,0.0,0.0
476,427.45283018867923,948.9622641509434,53,88.69811248779297,94.0,False,False,green_only,2.189,0.868,8.0,24.0,0.0,0.0
477,459.582995951417,951.1285425101214,988,107.06376647949219,129.0,False,True,blue_positive,0.507,70.567,7.0,179.0,0.0,0.3117
478,951.6521739130435,952.0978260869565,92,96.32608795166016,129.0,False,True,blue_positive,0.0,75.13,0.0,237.0,0.0,0.3152
479,576.3488372093024,957.3023255813954,43,87.6744155883789,116.0,False,True,blue_positive,0.581,36.535,3.0,206.0,0.0,0.1395
480,596.2549019607843,954.6666666666666,51,92.70587921142578,144.0,False,True,blue_positive,0.0,56.176,0.0,229.0,0.0,0.2157
481,557.1875,957.0703125,128,82.6015625,110.0,False,True,blue_positive,0.273,20.344,1.0,227.0,0.0,0.0703
482,931.8275862068965,956.3586206896551,145,95.33792877197266,147.0,False,True,blue_positive,0.11,55.283,2.0,241.0,0.0,0.2069
483,1051.4563106796118,961.6116504854369,103,76.75727844238281,116.0,False,True,blue_positive,0.107,19.243,2.0,210.0,0.0,0.0777
484,998.7757757757757,959.2642642642643,999,98.81881713867188,152.0,True,True,double_positive,23.459,60.187,85.0,222.0,0.042,0.2492
485,971.5813953488372,961.4651162790698,43,85.53488159179688,136.0,False,True,blue_positive,0.395,39.86,10.0,215.0,0.0,0.1395
486,1031.5827814569536,960.8278145695364,302,84.58609008789062,144.0,False,True,blue_positive,0.341,20.199,10.0,230.0,0.0,0.0762
487,1078.8745098039215,965.5725490196079,255,71.11372375488281,117.0,False,True,blue_positive,0.11,13.965,4.0,229.0,0.0,0.051
488,599.7445255474453,967.2773722627737,137,106.57664489746094,202.0,False,True,blue_positive,0.0,83.577,0.0,231.0,0.0,0.365
489,632.42,970.43,100,87.31999969482422,185.0,False,True,blue_positive,0.07,41.05,2.0,236.0,0.0,0.16
490,660.6980056980057,970.5982905982906,351,81.70085144042969,123.0,False,True,blue_positive,1.652,29.806,12.0,250.0,0.0,0.1054
491,891.3911007025761,970.0468384074942,427,102.23184967041016,204.0,False,True,blue_positive,0.386,76.22,19.0,225.0,0.0,0.3279
492,460.5933609958506,975.9585062240664,241,102.74273681640625,113.0,False,True,blue_positive,1.104,37.398,6.0,155.0,0.0,0.0871
493,619.2,972.5888888888888,90,86.78888702392578,119.0,False,True,blue_positive,0.0,29.444,0.0,231.0,0.0,0.1
494,1043.2790697674418,975.0,43,68.9534912109375,88.0,False,True,blue_positive,0.0,9.326,0.0,189.0,0.0,0.0233
495,1145.6944444444443,975.4340277777778,288,90.70138549804688,138.0,False,True,blue_positive,0.444,27.059,12.0,234.0,0.0,0.0938
496,577.8253588516747,975.5526315789474,418,93.87559509277344,143.0,False,True,blue_positive,0.0,37.651,0.0,229.0,0.0,0.1388
497,873.3457446808511,976.4734042553191,188,87.53191375732422,183.0,False,True,blue_positive,0.904,25.872,12.0,213.0,0.0,0.0798
498,1125.8194207836457,976.3764906303237,587,90.04940032958984,166.0,False,True,blue_positive,0.239,35.4,13.0,238.0,0.0,0.1397
499,593.9554140127389,977.4649681528663,157,97.28025817871094,155.0,False,True,blue_positive,0.0,55.159,0.0,226.0,0.0,0.2357
500,950.7826086956521,976.0289855072464,69,81.60869598388672,100.0,False,True,blue_positive,1.507,11.623,3.0,184.0,0.0,0.0435
501,669.2278481012659,989.5611814345991,237,70.61603546142578,108.0,False,True,blue_positive,0.253,4.937,2.0,198.0,0.0,0.0169
502,1157.5373134328358,986.5820895522388,134,89.1567153930664,122.0,False,True,blue_positive,0.0,27.463,0.0,204.0,0.0,0.0896
503,517.3349056603773,985.3018867924528,212,84.35848999023438,93.0,False,False,green_only,0.047,0.302,2.0,25.0,0.0,0.0
504,440.82598039215685,988.9926470588235,816,94.33455657958984,122.0,False,True,blue_positive,0.718,38.749,3.0,209.0,0.0,0.1091
505,611.9636363636364,994.0545454545454,55,89.5999984741211,99.0,True,False,red_positive,83.218,15.055,149.0,154.0,0.6909,0.0182
506,601.3611111111111,996.1111111111111,72,100.54166412353516,149.0,True,True,double_positive,128.417,51.847,159.0,221.0,1.0,0.1944
507,933.2622377622378,997.4772727272727,572,91.08391571044922,189.0,False,True,blue_positive,0.774,31.783,12.0,240.0,0.0,0.1066
508,590.1190476190476,998.5952380952381,42,96.11904907226562,126.0,True,True,double_positive,134.167,39.333,161.0,198.0,0.9524,0.1429
509,745.7425149700599,1000.5149700598803,167,74.9101791381836,108.0,False,True,blue_positive,1.06,8.695,13.0,201.0,0.0,0.024
510,656.5376344086021,1004.4731182795699,93,80.17204284667969,110.0,False,True,blue_positive,0.0,17.968,0.0,201.0,0.0,0.0538
511,627.5121951219512,1007.7560975609756,82,89.5,101.0,True,True,double_positive,128.744,9.366,155.0,168.0,1.0,0.0122
512,496.03341288782815,1010.5393794749403,419,114.1479721069336,156.0,False,True,blue_positive,1.962,98.532,13.0,184.0,0.0,0.506
513,1190.7808988764045,1010.3314606741573,178,87.7921371459961,107.0,False,True,blue_positive,0.0,15.899,0.0,217.0,0.0,0.0337
514,710.5013698630137,1010.7178082191781,365,76.64383697509766,141.0,False,True,blue_positive,11.882,19.879,40.0,246.0,0.0,0.0712
515,695.0961538461538,1015.2307692307693,52,71.19230651855469,81.0,False,False,green_only,6.808,0.0,24.0,0.0,0.0,0.0
516,477.91602067183464,1021.4198966408269,774,110.34237670898438,141.0,False,True,blue_positive,3.112,81.483,17.0,179.0,0.0,0.4134
517,1010.972602739726,1016.4246575342465,73,68.1369857788086,82.0,True,False,red_positive,36.123,0.0,146.0,0.0,0.2466,0.0
518,1260.5652173913043,1015.3695652173913,46,70.21739196777344,76.0,False,False,green_only,0.696,0.0,4.0,0.0,0.0,0.0
519,1223.9035087719299,1016.859649122807,114,86.74561309814453,122.0,False,True,blue_positive,0.0,31.623,0.0,246.0,0.0,0.114
520,1270.7027027027027,1018.9054054054054,74,58.31081008911133,64.0,False,False,green_only,0.0,0.0,0.0,0.0,0.0,0.0
521,783.2325581395348,1016.7751937984497,387,74.7105941772461,107.0,False,True,blue_positive,3.55,5.171,23.0,212.0,0.0,0.0129
522,763.189701897019,1020.8048780487804,369,83.54200744628906,133.0,False,True,blue_positive,8.168,25.932,44.0,235.0,0.0,0.0921
523,998.8714285714286,1021.2,70,67.9142837524414,76.0,True,False,red_positive,44.457,0.0,70.0,0.0,0.2429,0.0
524,794.2685185185185,1023.2777777777778,108,69.88888549804688,83.0,False,False,green_only,6.861,0.0,20.0,0.0,0.0,0.0
525,1227.3275862068965,1024.655172413793,58,89.25862121582031,118.0,False,True,blue_positive,0.0,37.586,0.0,239.0,0.0,0.1207
526,1017.4142857142857,1029.0142857142857,140,76.70714569091797,112.0,True,True,double_positive,118.343,8.85,190.0,211.0,0.8357,0.0286
527,1226.6875,1032.9270833333333,96,82.91666412353516,128.0,False,True,blue_positive,0.083,19.625,2.0,250.0,0.0,0.0625
528,945.7989417989418,1033.5361552028219,567,101.8377456665039,139.0,True,True,double_positive,95.383,69.497,166.0,219.0,0.8889,0.2822
529,745.7980769230769,1033.375,104,76.96154022216797,109.0,False,True,blue_positive,6.192,16.846,19.0,199.0,0.0,0.0481
530,597.7662454873646,1028.462093862816,1108,107.98104858398438,171.0,True,True,double_positive,96.034,79.158,176.0,203.0,0.833,0.3764
531,626.4142538975501,1031.4409799554567,449,97.08686065673828,139.0,True,True,double_positive,109.759,40.78,180.0,237.0,0.9555,0.1492
532,452.0,1036.0227272727273,44,68.40908813476562,75.0,False,False,green_only,0.023,0.0,1.0,0.0,0.0,0.0
533,526.5666666666667,1033.9,60,95.61666870117188,103.0,False,False,green_only,1.1,9.083,4.0,85.0,0.0,0.0
534,1173.0622222222223,1036.2933333333333,225,75.75111389160156,84.0,False,False,green_only,0.053,0.0,2.0,0.0,0.0,0.0
535,1157.0913705583757,1040.7055837563453,197,73.0101547241211,84.0,False,False,green_only,0.0,0.0,0.0,0.0,0.0,0.0
536,1219.6615384615384,1040.1384615384616,65,78.0923080444336,87.0,False,False,green_only,1.015,0.892,7.0,27.0,0.0,0.0
537,963.8913043478261,1042.0217391304348,46,89.39130401611328,102.0,True,False,red_positive,65.522,0.739,88.0,24.0,0.7391,0.0
538,738.1491712707183,1043.6685082872928,181,79.75138092041016,115.0,False,True,blue_positive,5.95,17.365,29.0,220.0,0.0,0.0387
539,460.5,1044.8090909090909,110,73.61817932128906,84.0,False,False,green_only,0.073,0.0,1.0,0.0,0.0,0.0
540,525.89375,1045.40625,160,103.5562515258789,116.0,False,True,blue_positive,1.863,60.131,9.0,193.0,0.0,0.2
541,503.0625,1045.7847222222222,144,109.24305725097656,121.0,False,True,blue_positive,1.542,100.153,10.0,192.0,0.0,0.4167
542,1038.1101321585902,1047.7444933920706,454,94.66519927978516,193.0,True,True,double_positive,116.346,59.896,199.0,237.0,0.8194,0.2489
543,727.43,1052.28,200,75.86499786376953,135.0,False,True,blue_positive,12.47,15.565,51.0,226.0,0.0,0.05
544,514.6326530612245,1050.9115646258504,147,109.14286041259766,121.0,False,True,blue_positive,3.803,89.014,21.0,185.0,0.0,0.3741
545,677.1560130010835,1049.3044420368365,923,92.25569152832031,207.0,False,True,blue_positive,2.769,38.953,29.0,239.0,0.0,0.1452
546,1061.9466666666667,1051.52,75,79.5999984741211,113.0,True,True,double_positive,146.48,17.96,211.0,199.0,0.88,0.04
547,1213.9468085106382,1052.9929078014184,282,79.72340393066406,112.0,False,True,blue_positive,0.082,6.195,3.0,213.0,0.0,0.0142
548,540.4794520547945,1057.7945205479452,73,103.876708984375,113.0,False,True,blue_positive,0.425,64.26,2.0,205.0,0.0,0.1644
549,1021.0700636942676,1060.8726114649683,157,82.63056945800781,120.0,True,True,double_positive,46.427,24.503,121.0,214.0,0.4459,0.0828
550,556.2674418604652,1060.1744186046512,86,100.1744155883789,117.0,False,True,blue_positive,0.244,66.36,2.0,230.0,0.0,0.2442
551,811.030487804878,1060.378048780488,164,77.17682647705078,126.0,False,True,blue_positive,0.0,11.909,0.0,211.0,0.0,0.0366
552,974.031377899045,1061.6466575716236,733,106.05729675292969,217.0,True,True,double_positive,78.304,78.443,162.0,222.0,0.6999,0.3438
553,1060.9583333333333,1067.9333333333334,360,73.5250015258789,121.0,True,True,double_positive,45.519,4.469,212.0,203.0,0.2972,0.0167
554,794.6404255319148,1067.9340425531916,470,79.70851135253906,122.0,False,True,blue_positive,0.079,21.923,3.0,230.0,0.0,0.0702
555,1218.655737704918,1069.6475409836066,122,67.7213134765625,76.0,False,False,green_only,0.0,0.0,0.0,0.0,0.0,0.0
556,928.171875,1071.8810096153845,832,111.95191955566406,230.0,True,True,double_positive,78.499,92.124,165.0,199.0,0.6286,0.4736
557,524.978515625,1081.771484375,512,115.1171875,141.0,False,True,blue_positive,0.412,106.914,9.0,165.0,0.0,0.582
558,833.7954545454545,1076.1363636363637,44,74.11363983154297,88.0,False,False,green_only,0.0,0.818,0.0,29.0,0.0,0.0
559,502.68831168831167,1080.8025974025975,385,101.01558685302734,180.0,False,True,blue_positive,0.629,58.491,7.0,200.0,0.0,0.2675
560,550.2567567567568,1079.7364864864865,148,105.37162017822266,112.0,False,True,blue_positive,0.689,64.628,9.0,168.0,0.0,0.2162
561,951.542288557214,1084.4378109452737,201,99.15422821044922,154.0,True,True,double_positive,67.781,50.965,156.0,225.0,0.5771,0.2139
562,1039.4736842105262,1083.0,228,79.71052551269531,104.0,True,True,double_positive,66.145,6.004,178.0,192.0,0.5132,0.0088
563,1180.1146025878004,1084.1072088724584,541,95.5970458984375,111.0,False,True,blue_positive,0.0,33.479,0.0,198.0,0.0,0.061
564,803.6730769230769,1087.6346153846155,52,79.05769348144531,99.0,False,True,blue_positive,0.0,6.808,0.0,208.0,0.0,0.0192
565,881.7866379310345,1095.655172413793,464,78.85775756835938,92.0,False,False,green_only,0.106,0.244,2.0,21.0,0.0,0.0
566,1206.5853658536585,1097.9756097560976,41,67.92682647705078,74.0,False,False,green_only,0.073,0.0,1.0,0.0,0.0,0.0
567,931.3518518518518,1099.3333333333333,54,84.31481170654297,125.0,True,True,double_positive,117.352,21.407,179.0,202.0,0.7963,0.0926
568,546.3661971830986,1106.6676056338029,355,111.9549331665039,129.0,False,True,blue_positive,0.0,109.806,0.0,181.0,0.0,0.5352
569,937.3,1106.18,50,85.0999984741211,115.0,True,True,double_positive,97.86,29.0,167.0,206.0,0.9,0.12
570,683.5794871794872,1105.6512820512821,390,73.83589935302734,89.0,False,False,green_only,1.736,0.497,8.0,20.0,0.0,0.0
571,832.0923694779117,1110.7456492637216,747,122.49531555175781,239.0,False,True,blue_positive,0.137,95.613,3.0,204.0,0.0,0.4993
572,1164.1178571428572,1106.2589285714287,560,102.48928833007812,123.0,True,True,double_positive,71.916,61.438,197.0,217.0,0.5036,0.1714
573,887.6180048661801,1117.508515815085,411,78.9002456665039,96.0,False,False,green_only,0.557,0.521,8.0,64.0,0.0,0.0
574,649.183908045977,1114.1724137931035,87,82.63218688964844,87.0,False,False,green_only,1.011,0.0,7.0,0.0,0.0,0.0
575,1210.6136363636363,1111.3295454545455,88,59.96590805053711,65.0,False,False,green_only,0.0,0.0,0.0,0.0,0.0,0.0
576,524.3538461538461,1120.7307692307693,130,79.3923110961914,91.0,False,False,green_only,0.008,0.0,1.0,0.0,0.0,0.0
577,1052.8831168831168,1120.9376623376622,385,103.86493682861328,200.0,False,True,blue_positive,0.052,77.46,1.0,227.0,0.0,0.3325
578,658.0444444444445,1120.1777777777777,45,83.93333435058594,96.0,False,False,green_only,0.222,2.289,4.0,50.0,0.0,0.0
579,963.8780487804878,1121.4579945799458,369,71.19241333007812,82.0,False,False,green_only,0.499,0.0,14.0,0.0,0.0,0.0
580,536.4907407407408,1125.1203703703704,108,92.59259033203125,103.0,False,False,green_only,0.0,5.648,0.0,76.0,0.0,0.0
581,1206.3863636363637,1123.25,44,59.181819915771484,62.0,False,False,green_only,0.0,0.0,0.0,0.0,0.0,0.0
582,847.9535864978903,1126.590717299578,474,130.2236328125,229.0,False,True,blue_positive,0.637,119.605,7.0,199.0,0.0,0.6308
583,909.3863636363636,1125.4318181818182,44,67.68181610107422,74.0,False,False,green_only,0.0,0.0,0.0,0.0,0.0,0.0
584,1194.5361445783133,1126.2590361445782,166,72.10843658447266,86.0,False,False,green_only,0.0,0.0,0.0,0.0,0.0,0.0
585,1025.4429752066117,1134.6619834710743,1210,107.74297332763672,207.0,False,True,blue_positive,0.207,73.098,3.0,214.0,0.0,0.3628
586,707.0446927374302,1142.4692737430169,179,80.30167388916016,86.0,False,False,green_only,0.0,0.0,0.0,0.0,0.0,0.0
587,750.035993740219,1145.2347417840376,639,93.72769927978516,174.0,True,True,double_positive,15.629,50.552,70.0,238.0,0.0438,0.2003
588,775.7662337662338,1142.2077922077922,154,84.64286041259766,117.0,False,True,blue_positive,0.0,17.247,0.0,205.0,0.0,0.0649
589,641.2,1141.2615384615385,65,95.72307586669922,106.0,False,False,green_only,0.0,14.631,0.0,164.0,0.0,0.0154
590,649.3333333333334,1144.3333333333333,75,93.06666564941406,102.0,False,False,green_only,0.0,14.56,0.0,112.0,0.0,0.0
591,1187.7899761336516,1146.0644391408114,419,67.76372528076172,83.0,False,False,green_only,0.0,0.0,0.0,0.0,0.0,0.0
592,1118.4565217391305,1153.608695652174,46,87.97826385498047,112.0,False,True,blue_positive,0.0,24.391,0.0,193.0,0.0,0.1087
593,830.4960380348653,1164.7099841521394,631,115.08399200439453,211.0,False,True,blue_positive,0.241,96.659,8.0,222.0,0.0,0.4342
594,790.0372670807453,1165.7888198757764,161,95.1055908203125,132.0,False,True,blue_positive,1.267,48.41,19.0,242.0,0.0,0.1615
595,1104.0462962962963,1173.5277777777778,108,87.8240737915039,146.0,False,True,blue_positive,0.0,45.509,0.0,245.0,0.0,0.1574
596,303.12280701754383,1173.6666666666667,57,31.228069305419922,38.0,False,False,green_only,0.0,0.0,0.0,0.0,0.0,0.0
597,633.5338345864661,1176.546365914787,399,105.44611358642578,128.0,False,True,blue_positive,0.125,85.283,6.0,201.0,0.0,0.3835
598,646.0240963855422,1178.8915662650602,83,106.67469787597656,126.0,False,True,blue_positive,1.59,78.53,9.0,186.0,0.0,0.3614
599,785.7321428571429,1182.1785714285713,56,91.03571319580078,100.0,False,False,green_only,0.0,8.821,0.0,106.0,0.0,0.0
600,654.2730769230769,1181.7230769230769,260,108.6423110961914,126.0,False,True,blue_positive,1.165,97.235,8.0,190.0,0.0,0.4423
601,700.3721340388007,1186.3509700176367,567,98.4126968383789,108.0,False,True,blue_positive,0.783,28.919,6.0,181.0,0.0,0.0159
602,1007.7131474103586,1185.8067729083666,502,126.10358428955078,213.0,False,True,blue_positive,0.012,121.339,2.0,199.0,0.0,0.6394
603,894.5,1189.514423076923,208,70.93269348144531,87.0,False,False,green_only,0.0,0.0,0.0,0.0,0.0,0.0
604,722.7063492063492,1197.1527777777778,504,98.72420501708984,115.0,False,True,blue_positive,1.998,43.944,12.0,234.0,0.0,0.119
605,672.4193181818182,1201.8011363636363,880,95.1954574584961,118.0,False,True,blue_positive,0.242,36.066,2.0,203.0,0.0,0.1068
606,929.1297709923664,1204.9465648854962,131,81.58778381347656,89.0,False,False,green_only,0.26,0.145,6.0,5.0,0.0,0.0
607,895.0875912408759,1206.8576642335765,274,82.08759307861328,94.0,False,False,green_only,0.0,0.96,0.0,18.0,0.0,0.0
608,983.0,1206.7313432835822,134,79.99253845214844,91.0,False,False,green_only,0.0,0.067,0.0,9.0,0.0,0.0
609,830.5786259541985,1206.345038167939,655,97.2625961303711,110.0,False,True,blue_positive,0.22,24.402,6.0,217.0,0.0,0.0336
610,867.3571428571429,1209.4285714285713,42,77.52381134033203,83.0,False,False,green_only,0.0,0.0,0.0,0.0,0.0,0.0
611,1127.1121495327102,1208.214953271028,214,63.588783264160156,80.0,False,False,green_only,0.079,0.028,4.0,6.0,0.0,0.0
612,789.5368171021378,1210.560570071259,421,93.6674575805664,107.0,False,False,green_only,0.268,13.542,4.0,157.0,0.0,0.0048
613,1106.3819241982508,1209.4402332361517,343,92.39067077636719,142.0,False,True,blue_positive,7.268,45.195,31.0,237.0,0.0,0.172
614,810.3923541247485,1212.857142857143,497,102.98188781738281,123.0,False,True,blue_positive,1.489,57.857,9.0,212.0,0.0,0.1087
615,1092.8839779005525,1213.121546961326,181,86.40331268310547,127.0,False,True,blue_positive,8.11,13.044,35.0,184.0,0.0,0.0608
616,746.7428571428571,1212.2698412698412,315,87.37777709960938,122.0,False,True,blue_positive,1.794,10.105,13.0,234.0,0.0,0.0317
617,1118.6198347107438,1216.4628099173553,121,76.14049530029297,119.0,True,True,double_positive,22.884,17.24,69.0,228.0,0.0744,0.0661
618,718.7592592592592,1218.976851851852,216,85.92129516601562,100.0,False,False,green_only,0.236,2.903,6.0,50.0,0.0,0.0
619,1079.5955734406439,1224.7927565392354,497,111.09859466552734,193.0,True,True,double_positive,43.833,99.451,131.0,221.0,0.3944,0.4487
620,1118.0602409638554,1228.3614457831325,83,63.759037017822266,85.0,False,False,green_only,22.458,3.855,54.0,113.0,0.0,0.0
621,902.0797101449275,1228.427536231884,138,86.92753601074219,98.0,False,False,green_only,1.319,11.783,7.0,126.0,0.0,0.0072
622,938.1344537815127,1229.6134453781513,119,98.36134338378906,132.0,False,True,blue_positive,0.782,55.681,6.0,227.0,0.0,0.2269
623,1037.450847457627,1235.5559322033898,295,73.48474884033203,88.0,False,False,green_only,0.0,0.0,0.0,0.0,0.0,0.0
624,730.5855855855856,1239.144144144144,111,64.45044708251953,75.0,False,False,green_only,0.0,0.0,0.0,0.0,0.0,0.0
625,963.7479964381122,1237.2448797862867,1123,91.34906768798828,157.0,False,True,blue_positive,0.064,29.975,3.0,227.0,0.0,0.1024
626,819.7796610169491,1239.2372881355932,59,90.66101837158203,99.0,False,False,green_only,0.034,10.864,2.0,110.0,0.0,0.0
627,871.542372881356,1242.6101694915253,118,84.16949462890625,92.0,False,False,green_only,0.441,1.136,3.0,23.0,0.0,0.0
628,1015.8132956152758,1241.779349363508,707,71.06930541992188,93.0,False,False,green_only,0.051,0.215,2.0,26.0,0.0,0.0
629,822.8721804511279,1248.7293233082708,133,86.03007507324219,93.0,False,False,green_only,0.0,1.752,0.0,31.0,0.0,0.0
630,809.8194444444445,1250.236111111111,144,75.00694274902344,83.0,False,False,green_only,0.306,0.007,7.0,1.0,0.0,0.0
631,930.1657754010695,1250.5802139037432,374,84.02941131591797,102.0,False,False,green_only,0.372,2.904,6.0,122.0,0.0,0.0
632,849.82,1254.1857142857143,700,85.05428314208984,101.0,False,False,green_only,0.0,5.039,0.0,74.0,0.0,0.0
633,881.1043956043956,1257.3351648351647,182,80.87911987304688,91.0,False,False,green_only,0.033,0.632,2.0,19.0,0.0,0.0
634,811.4888888888889,1261.4,90,66.26667022705078,77.0,False,False,green_only,0.0,0.0,0.0,0.0,0.0,0.0
635,919.8779443254818,1266.5139186295503,467,72.78158569335938,89.0,False,False,green_only,0.069,0.15,3.0,12.0,0.0,0.0
636,819.5405405405405,1272.6756756756756,74,58.02702713012695,65.0,False,False,green_only,0.0,0.0,0.0,0.0,0.0,0.0
637,892.7607655502393,1276.043062200957,209,64.98564910888672,81.0,False,False,green_only,0.0,0.0,0.0,0.0,0.0,0.0
638,867.4274193548387,1281.1370967741937,124,58.19355010986328,69.0,False,False,green_only,0.0,0.0,0.0,0.0,0.0,0.0
639,772.1186440677966,1365.050847457627,59,28.016948699951172,32.0,False,False,green_only,0.576,0.0,1.0,0.0,0.0,0.0
